/*
 * Скрипт вставки сгенерированных данных 
 * данные были чуть не валидны и я их корректировал скриптами 
 * UPDATE issuance_tbl set to_date = date_add(date_issue , INTERVAL 1 MONTH) -- обновление дат так как при вставки с генератора не верно высчитывается
 * UPDATE lib_warehouse lw,issuance_tbl it SET it.return_date = NULL  WHERE  lw.status_book = 'issued' AND book_wh_id = lw.id 
 *  обновление даты на null если книгу не вернули только для отладки сгенерированных данных
 * этот скрипт лучше выполнять до скриптов с процедурами и тригерами 
 */





-- MySQL dump 10.13  Distrib 8.0.22, for Win64 (x86_64)
--
-- Host: localhost    Database: library
-- ------------------------------------------------------
-- Server version	8.0.22

/*!40101 SET @OLD_CHARACTER_SET_CLIENT=@@CHARACTER_SET_CLIENT */;
/*!40101 SET @OLD_CHARACTER_SET_RESULTS=@@CHARACTER_SET_RESULTS */;
/*!40101 SET @OLD_COLLATION_CONNECTION=@@COLLATION_CONNECTION */;
/*!50503 SET NAMES utf8 */;
/*!40103 SET @OLD_TIME_ZONE=@@TIME_ZONE */;
/*!40103 SET TIME_ZONE='+00:00' */;
/*!40014 SET @OLD_UNIQUE_CHECKS=@@UNIQUE_CHECKS, UNIQUE_CHECKS=0 */;
/*!40014 SET @OLD_FOREIGN_KEY_CHECKS=@@FOREIGN_KEY_CHECKS, FOREIGN_KEY_CHECKS=0 */;
/*!40101 SET @OLD_SQL_MODE=@@SQL_MODE, SQL_MODE='NO_AUTO_VALUE_ON_ZERO' */;
/*!40111 SET @OLD_SQL_NOTES=@@SQL_NOTES, SQL_NOTES=0 */;

--
-- Table structure for table `book`
--

DROP TABLE IF EXISTS `book`;
/*!40101 SET @saved_cs_client     = @@character_set_client */;
/*!50503 SET character_set_client = utf8mb4 */;
CREATE TABLE `book` (
  `id` bigint unsigned NOT NULL AUTO_INCREMENT,
  `title` varchar(255) CHARACTER SET utf8mb4 COLLATE utf8mb4_unicode_ci NOT NULL COMMENT 'Название книги',
  `pages` smallint unsigned DEFAULT NULL COMMENT 'Количество страниц',
  `publisher_id` bigint unsigned DEFAULT NULL COMMENT 'Ид издательства',
  `price` smallint unsigned DEFAULT NULL COMMENT 'Цена книги',
  `currency` enum('USD','EURO','RUB') CHARACTER SET utf8mb4 COLLATE utf8mb4_unicode_ci DEFAULT NULL COMMENT 'Валюта',
  `print_date` date DEFAULT NULL COMMENT 'Дата печати',
  PRIMARY KEY (`id`),
  UNIQUE KEY `title` (`title`,`print_date`),
  KEY `publisher_id` (`publisher_id`),
  KEY `title_2` (`title`),
  CONSTRAINT `book_ibfk_1` FOREIGN KEY (`publisher_id`) REFERENCES `publisher` (`id`)
) ENGINE=InnoDB AUTO_INCREMENT=101 DEFAULT CHARSET=utf8mb4 COLLATE=utf8mb4_unicode_ci COMMENT='Книги ';
/*!40101 SET character_set_client = @saved_cs_client */;

--
-- Dumping data for table `book`
--

LOCK TABLES `book` WRITE;
/*!40000 ALTER TABLE `book` DISABLE KEYS */;
INSERT INTO `book` VALUES (1,'Est non molestias quos commodi autem eaque.',248,1,65535,'EURO','2018-04-27'),(2,'Consequuntur sit ipsam nihil aspernatur.',2599,2,279,'EURO','1986-06-03'),(3,'Necessitatibus facere quaerat odio similique quam ut consequatur.',1317,3,49,'RUB','1989-07-06'),(4,'Magnam consectetur neque ut voluptatibus.',2028,4,0,'EURO','1996-01-10'),(5,'Autem qui soluta delectus consequatur officia at voluptatum natus.',1125,5,1234,'EURO','2005-03-21'),(6,'Nostrum voluptas dolores soluta soluta.',64,6,1,'RUB','2014-05-16'),(7,'Est velit dolores nemo maiores accusantium.',2946,7,10257,'RUB','1979-03-11'),(8,'Dolor non voluptatibus et iure.',94,8,65535,'EURO','1988-08-07'),(9,'Illo ut veniam rerum maxime repellendus aut quo.',2131,9,0,'USD','1992-08-24'),(10,'Aut quasi eius enim ad voluptate excepturi.',1773,10,42269,'RUB','1971-02-11'),(11,'Aspernatur nam dolore ut sit nulla.',2402,1,65535,'USD','2007-10-14'),(12,'Voluptatem maxime autem tempore recusandae quo.',717,2,65535,'EURO','2008-05-07'),(13,'Aliquid quam dicta voluptatem ut officia at velit.',2655,3,3142,'EURO','1977-02-05'),(14,'Laborum quos est odit accusamus ducimus.',1966,4,96,'RUB','1971-01-08'),(15,'Ut quas et molestiae sunt ipsum.',519,5,2,'USD','1985-04-04'),(16,'Quisquam porro inventore itaque.',234,6,57,'EURO','1982-04-01'),(17,'Sequi consequatur est amet quibusdam error qui.',2950,7,65535,'RUB','1977-09-13'),(18,'Perferendis delectus dolores labore sit.',140,8,65535,'EURO','1993-03-07'),(19,'Dolore est voluptas dolore voluptas voluptates et.',2144,9,18,'RUB','2018-10-22'),(20,'Velit architecto amet magni ea et.',951,10,32,'USD','2013-10-19'),(21,'Nulla similique totam optio iste.',1485,1,65535,'EURO','1997-01-24'),(22,'Ut magni libero voluptas nihil.',697,2,0,'RUB','1982-01-28'),(23,'Vitae molestiae voluptatem atque perspiciatis.',1749,3,65535,'RUB','2000-11-04'),(24,'Minus deleniti minima reprehenderit voluptatem quos enim.',1893,4,65535,'USD','2010-09-15'),(25,'Ipsam natus dolor sunt blanditiis.',1077,5,6183,'USD','1994-10-30'),(26,'Blanditiis quos id repudiandae eum.',2923,6,15,'EURO','1994-08-20'),(27,'Molestiae commodi velit cumque pariatur molestias ad.',1604,7,37,'EURO','1976-03-26'),(28,'Eaque voluptatem vel sunt distinctio.',1187,8,65535,'EURO','1991-12-20'),(29,'Exercitationem delectus necessitatibus omnis magni id natus a doloribus.',2021,9,337,'RUB','2019-03-23'),(30,'Quasi temporibus vel doloribus iure aut et.',2127,10,65535,'USD','2013-11-06'),(31,'Enim quia exercitationem eaque ut ipsa aut nobis cumque.',1142,1,65535,'USD','2010-08-29'),(32,'Assumenda quia et rerum sit maxime.',2585,2,34,'RUB','2020-12-19'),(33,'Totam ut quis mollitia omnis ut quis ut.',477,3,65535,'RUB','1982-02-11'),(34,'Unde placeat ex aut ut sunt quas omnis ut.',1902,4,65535,'EURO','1981-10-09'),(35,'Praesentium rem sit dolores incidunt aspernatur.',2709,5,65535,'USD','2007-08-05'),(36,'Qui nesciunt et assumenda quas maxime totam quia incidunt.',1864,6,65535,'USD','1972-01-04'),(37,'Eos atque rem quos cumque aut facere iure.',2518,7,2,'EURO','1996-12-01'),(38,'Vero voluptatem corporis est minima magnam.',97,8,44873,'RUB','2012-01-08'),(39,'Sed eligendi perspiciatis exercitationem ut facere quis.',1408,9,0,'USD','1991-06-23'),(40,'Aut pariatur quos incidunt distinctio asperiores in non aut.',1148,10,65535,'EURO','2008-03-24'),(41,'Qui et nam et laboriosam iure maxime.',2736,1,1,'RUB','2000-02-25'),(42,'Vero consequatur laboriosam et exercitationem magni voluptatem hic dicta.',682,2,65535,'EURO','1979-09-09'),(43,'Ipsam sint laboriosam fuga earum velit.',657,3,2,'EURO','1995-07-26'),(44,'Est quasi ut ab corrupti earum illo est corporis.',2184,4,30148,'RUB','1986-02-01'),(45,'Qui voluptatem consequatur ut ab autem accusamus.',35,5,23718,'RUB','1997-03-12'),(46,'Ratione cumque recusandae aperiam ipsum quis veniam omnis.',373,6,0,'USD','2020-11-01'),(47,'Expedita deserunt at non consequatur rem.',1446,7,65535,'USD','1987-07-07'),(48,'Et ad cupiditate quaerat officiis.',750,8,217,'EURO','1999-03-06'),(49,'Nesciunt dolor blanditiis nihil doloribus eaque.',429,9,0,'RUB','1982-11-20'),(50,'Non distinctio labore debitis qui in ratione repellat aut.',2959,10,746,'EURO','1985-05-08'),(51,'Possimus exercitationem commodi tempore perspiciatis ea esse aut doloribus.',2526,1,65535,'USD','2006-02-13'),(52,'Architecto exercitationem alias sit.',507,2,1133,'USD','2017-07-09'),(53,'Repudiandae et ab ipsam quis.',852,3,0,'EURO','2020-05-02'),(54,'Unde quam perspiciatis quod.',306,4,59,'USD','1984-12-21'),(55,'Aut debitis corrupti inventore mollitia veritatis qui.',1420,5,0,'USD','1983-06-21'),(56,'Sequi qui quas aut iusto.',1596,6,65535,'EURO','1993-05-05'),(57,'Corrupti non ducimus labore sit.',1990,7,0,'RUB','1977-04-02'),(58,'Fuga magnam quasi corrupti vel expedita praesentium.',2966,8,1451,'RUB','2019-01-21'),(59,'Ab omnis odit animi numquam labore.',499,9,65535,'RUB','2009-01-08'),(60,'Omnis debitis sint dolores nihil consequuntur sequi.',723,10,312,'RUB','1974-02-05'),(61,'Dolores modi et minima maiores.',1753,1,1350,'USD','2011-01-15'),(62,'Ut et itaque est quas explicabo similique quam deleniti.',2188,2,65535,'USD','1995-02-03'),(63,'Delectus inventore nostrum aliquid quas tempora.',2852,3,65535,'EURO','2012-03-15'),(64,'Voluptate aspernatur esse tempora modi.',283,4,1666,'USD','1991-07-18'),(65,'Praesentium ut quis nulla odit aut consequuntur debitis.',2605,5,20,'RUB','2009-12-06'),(66,'Sit ex et similique.',2612,6,50767,'USD','1990-03-22'),(67,'Dolores sint facere amet neque dignissimos quo rerum.',2358,7,65535,'EURO','1997-11-18'),(68,'Et nulla laudantium est officia exercitationem.',1094,8,65535,'EURO','2010-12-05'),(69,'Sequi laboriosam minima deserunt fugiat nesciunt aut voluptas.',1197,9,65535,'RUB','1984-11-01'),(70,'Perspiciatis dolor dignissimos est dignissimos.',2955,10,745,'EURO','1973-08-08'),(71,'Natus ullam rem ipsam aut nisi.',642,1,65535,'EURO','1991-03-22'),(72,'Et quis consequatur quibusdam voluptatem in ducimus minus aut.',925,2,368,'EURO','2008-12-03'),(73,'Qui nihil adipisci est quis.',2888,3,65535,'RUB','1985-03-10'),(74,'Voluptate velit excepturi nihil facere iusto reprehenderit cum.',2483,4,2203,'USD','1976-03-23'),(75,'Aut ea tenetur maxime dicta ut.',1172,5,189,'EURO','1988-03-26'),(76,'Dolorem ut eveniet quo deleniti veritatis ratione similique.',2406,6,350,'USD','2004-12-31'),(77,'Aliquam culpa culpa illo omnis alias vero id.',2997,7,1861,'RUB','2019-06-27'),(78,'Velit ipsum odio non ut ut doloremque.',1835,8,6,'RUB','2008-03-19'),(79,'Similique quam officiis enim deleniti quia sapiente.',1046,9,5,'EURO','1995-07-07'),(80,'Eligendi eius sunt aut est.',2892,10,13490,'USD','2017-12-22'),(81,'Distinctio quia aut qui nesciunt eaque voluptas.',1592,1,65535,'EURO','2001-12-11'),(82,'Aut consequatur quo cupiditate recusandae eum libero.',2572,2,35328,'RUB','2009-11-30'),(83,'Occaecati vitae velit dolorum eos perspiciatis laboriosam sunt ex.',1046,3,37776,'USD','2018-05-31'),(84,'Et repellat porro dolorum.',2916,4,280,'RUB','2013-11-13'),(85,'Exercitationem rerum eligendi non quisquam qui mollitia officia.',2387,5,37269,'USD','1989-04-23'),(86,'Vero laborum itaque optio sint sunt asperiores magnam deserunt.',2267,6,359,'RUB','1971-04-27'),(87,'Natus ea doloribus adipisci deserunt et eum est.',1560,7,0,'USD','1978-10-28'),(88,'Exercitationem qui labore expedita et.',2612,8,61565,'EURO','2001-09-06'),(89,'Culpa asperiores officia sed dolorem mollitia.',319,9,65535,'USD','1983-04-19'),(90,'Repellat sed sit incidunt non accusamus ut.',317,10,65535,'USD','2006-09-02'),(91,'Eaque quia provident voluptatum quia.',2647,1,65535,'USD','1974-03-22'),(92,'Libero ea exercitationem molestiae hic exercitationem.',1135,2,65535,'EURO','1984-07-14'),(93,'Et suscipit sequi facere aperiam consequatur.',2154,3,65535,'RUB','2008-06-04'),(94,'Officiis distinctio quos quia impedit.',889,4,13,'USD','2002-01-02'),(95,'Et ut laboriosam cupiditate sit quibusdam ex.',26,5,65535,'EURO','2004-02-15'),(96,'Unde repellat non eos non.',2037,6,54,'EURO','1987-03-05'),(97,'Voluptatem inventore qui perspiciatis.',159,7,65535,'USD','2010-01-23'),(98,'Occaecati ad assumenda nobis quasi minus esse.',1116,8,59797,'EURO','1986-12-10'),(99,'Iusto nobis consequatur earum doloremque porro aut adipisci.',1452,9,65535,'USD','2000-02-12'),(100,'Eos fuga consequatur esse.',298,10,65535,'EURO','2013-04-05');
/*!40000 ALTER TABLE `book` ENABLE KEYS */;
UNLOCK TABLES;

--
-- Table structure for table `country`
--

DROP TABLE IF EXISTS `country`;
/*!40101 SET @saved_cs_client     = @@character_set_client */;
/*!50503 SET character_set_client = utf8mb4 */;
CREATE TABLE `country` (
  `id` tinyint unsigned NOT NULL AUTO_INCREMENT,
  `name_country` varchar(100) CHARACTER SET utf8mb4 COLLATE utf8mb4_unicode_ci NOT NULL COMMENT 'Страна',
  PRIMARY KEY (`id`),
  UNIQUE KEY `name_country` (`name_country`)
) ENGINE=InnoDB AUTO_INCREMENT=11 DEFAULT CHARSET=utf8mb4 COLLATE=utf8mb4_unicode_ci COMMENT='Страны';
/*!40101 SET character_set_client = @saved_cs_client */;

--
-- Dumping data for table `country`
--

LOCK TABLES `country` WRITE;
/*!40000 ALTER TABLE `country` DISABLE KEYS */;
INSERT INTO `country` VALUES (5,'Azerbaijan'),(6,'Belarus'),(3,'Bosnia and Herzegovina'),(8,'Central African Republic'),(10,'India'),(4,'Mali'),(9,'Nepal'),(7,'Papua New Guinea'),(1,'Saint Vincent and the Grenadines'),(2,'Suriname');
/*!40000 ALTER TABLE `country` ENABLE KEYS */;
UNLOCK TABLES;

--
-- Table structure for table `genres`
--

DROP TABLE IF EXISTS `genres`;
/*!40101 SET @saved_cs_client     = @@character_set_client */;
/*!50503 SET character_set_client = utf8mb4 */;
CREATE TABLE `genres` (
  `id` smallint unsigned NOT NULL AUTO_INCREMENT,
  `name` varchar(100) CHARACTER SET utf8mb4 COLLATE utf8mb4_unicode_ci NOT NULL COMMENT 'Название жанра',
  PRIMARY KEY (`id`),
  UNIQUE KEY `name` (`name`)
) ENGINE=InnoDB AUTO_INCREMENT=6 DEFAULT CHARSET=utf8mb4 COLLATE=utf8mb4_unicode_ci COMMENT='Жанры';
/*!40101 SET character_set_client = @saved_cs_client */;

--
-- Dumping data for table `genres`
--

LOCK TABLES `genres` WRITE;
/*!40000 ALTER TABLE `genres` DISABLE KEYS */;
INSERT INTO `genres` VALUES (1,'Detective'),(3,'Horror'),(4,'Novel'),(5,'The science'),(2,'Training');
/*!40000 ALTER TABLE `genres` ENABLE KEYS */;
UNLOCK TABLES;

--
-- Table structure for table `genres_book`
--

DROP TABLE IF EXISTS `genres_book`;
/*!40101 SET @saved_cs_client     = @@character_set_client */;
/*!50503 SET character_set_client = utf8mb4 */;
CREATE TABLE `genres_book` (
  `genres_id` smallint unsigned NOT NULL COMMENT 'Ид жанра',
  `book_id` bigint unsigned NOT NULL COMMENT 'Ид книги',
  PRIMARY KEY (`genres_id`,`book_id`),
  KEY `book_id` (`book_id`),
  CONSTRAINT `genres_book_ibfk_1` FOREIGN KEY (`genres_id`) REFERENCES `genres` (`id`),
  CONSTRAINT `genres_book_ibfk_2` FOREIGN KEY (`book_id`) REFERENCES `book` (`id`)
) ENGINE=InnoDB DEFAULT CHARSET=utf8mb4 COLLATE=utf8mb4_unicode_ci COMMENT='Жанры книги';
/*!40101 SET character_set_client = @saved_cs_client */;

--
-- Dumping data for table `genres_book`
--

LOCK TABLES `genres_book` WRITE;
/*!40000 ALTER TABLE `genres_book` DISABLE KEYS */;
INSERT INTO `genres_book` VALUES (1,1),(2,2),(3,3),(4,4),(5,5),(1,6),(2,7),(3,8),(4,9),(5,10),(1,11),(2,12),(3,13),(4,14),(5,15),(1,16),(2,17),(3,18),(4,19),(5,20),(1,21),(2,22),(3,23),(4,24),(5,25),(1,26),(2,27),(3,28),(4,29),(5,30),(1,31),(2,32),(3,33),(4,34),(5,35),(1,36),(2,37),(3,38),(4,39),(5,40),(1,41),(2,42),(3,43),(4,44),(5,45),(1,46),(2,47),(3,48),(4,49),(5,50),(1,51),(2,52),(3,53),(4,54),(5,55),(1,56),(2,57),(3,58),(4,59),(5,60),(1,61),(2,62),(3,63),(4,64),(5,65),(1,66),(2,67),(3,68),(4,69),(5,70),(1,71),(2,72),(3,73),(4,74),(5,75),(1,76),(2,77),(3,78),(4,79),(5,80),(1,81),(2,82),(3,83),(4,84),(5,85),(1,86),(2,87),(3,88),(4,89),(5,90),(1,91),(2,92),(3,93),(4,94),(5,95),(1,96),(2,97),(3,98),(4,99),(5,100);
/*!40000 ALTER TABLE `genres_book` ENABLE KEYS */;
UNLOCK TABLES;

--
-- Table structure for table `issuance_tbl`
--

DROP TABLE IF EXISTS `issuance_tbl`;
/*!40101 SET @saved_cs_client     = @@character_set_client */;
/*!50503 SET character_set_client = utf8mb4 */;
CREATE TABLE `issuance_tbl` (
  `id` bigint unsigned NOT NULL AUTO_INCREMENT,
  `reader_id` bigint unsigned NOT NULL COMMENT 'Ид читателя',
  `book_wh_id` bigint unsigned NOT NULL COMMENT 'Ид книги из lib_warehouse',
  `date_issue` datetime DEFAULT CURRENT_TIMESTAMP,
  `to_date` date DEFAULT ((`date_issue` + interval 1 month)) COMMENT 'Дата до кокого выдана',
  `return_date` datetime DEFAULT NULL COMMENT 'Дата возврата',
  PRIMARY KEY (`id`),
  KEY `reader_id` (`reader_id`),
  KEY `book_wh_id` (`book_wh_id`),
  CONSTRAINT `issuance_tbl_ibfk_1` FOREIGN KEY (`reader_id`) REFERENCES `reader` (`id`),
  CONSTRAINT `issuance_tbl_ibfk_2` FOREIGN KEY (`book_wh_id`) REFERENCES `lib_warehouse` (`id`)
) ENGINE=InnoDB AUTO_INCREMENT=351 DEFAULT CHARSET=utf8mb4 COLLATE=utf8mb4_unicode_ci COMMENT='Таблица выдачи';
/*!40101 SET character_set_client = @saved_cs_client */;

--
-- Dumping data for table `issuance_tbl`
--

LOCK TABLES `issuance_tbl` WRITE;
/*!40000 ALTER TABLE `issuance_tbl` DISABLE KEYS */;
INSERT INTO `issuance_tbl` VALUES (1,1,1,'2016-03-09 13:08:04','2016-04-09','1989-12-16 02:28:48'),(2,2,2,'1971-06-09 12:39:23','1971-07-09','2002-03-10 22:19:42'),(3,3,3,'2012-11-29 13:50:59','2012-12-29','1981-01-10 18:50:35'),(4,4,4,'2009-10-28 21:01:53','2009-11-28','1984-05-24 03:35:53'),(5,5,5,'2016-02-28 20:13:37','2016-03-28','2019-04-24 07:41:16'),(6,6,6,'1996-06-18 10:23:28','1996-07-18','1995-09-08 16:22:08'),(7,7,7,'2012-02-03 15:25:41','2012-03-03','2016-02-05 22:32:02'),(8,8,8,'1989-12-01 04:49:29','1990-01-01','2009-04-19 15:25:15'),(9,9,9,'1983-03-16 04:39:30','1983-04-16','1980-06-07 18:43:40'),(10,10,10,'2014-05-09 05:44:18','2014-06-09','1992-10-05 19:31:13'),(11,11,11,'2008-05-20 09:54:43','2008-06-20',NULL),(12,12,12,'2014-07-01 03:18:40','2014-08-01','1999-05-06 07:44:07'),(13,13,13,'2001-12-16 17:58:55','2002-01-16','1977-12-31 19:12:56'),(14,14,14,'2012-08-11 05:22:43','2012-09-11','1989-11-28 20:55:35'),(15,15,15,'1983-06-07 19:43:50','1983-07-07','2015-01-19 17:34:05'),(16,16,16,'1996-03-10 17:19:28','1996-04-10','1995-11-19 04:35:12'),(17,17,17,'1970-06-02 16:21:31','1970-07-02','1987-09-06 15:55:59'),(18,18,18,'1987-11-18 21:11:12','1987-12-18','2003-12-08 22:30:56'),(19,19,19,'1984-06-19 10:21:48','1984-07-19','1980-04-03 00:34:36'),(20,20,20,'2003-12-29 00:39:15','2004-01-29','1984-09-07 13:25:18'),(21,21,21,'1984-08-12 00:14:57','1984-09-12',NULL),(22,22,22,'2004-10-05 18:50:22','2004-11-05','2010-11-25 20:30:43'),(23,23,23,'2005-12-15 17:59:26','2006-01-15','2004-07-11 16:48:47'),(24,24,24,'1972-10-15 10:10:07','1972-11-15',NULL),(25,25,25,'1999-12-03 13:56:44','2000-01-03','2000-01-03 00:00:00'),(26,26,26,'2006-01-06 03:44:57','2006-02-06','1970-12-07 11:49:48'),(27,27,27,'1995-10-27 22:55:49','1995-11-27','1995-11-27 00:00:00'),(28,28,28,'2008-04-08 18:50:48','2008-05-08','2010-07-30 15:14:36'),(29,29,29,'2020-08-31 05:14:41','2020-09-30','1971-05-17 01:44:17'),(30,30,30,'1998-05-28 11:00:06','1998-06-28','1998-06-28 00:00:00'),(31,31,31,'2018-03-25 11:27:35','2018-04-25','1975-10-02 03:24:22'),(32,32,32,'1984-11-14 12:28:41','1984-12-14','2020-11-23 12:38:56'),(33,33,33,'1987-10-04 01:01:08','1987-11-04','1984-05-18 20:44:38'),(34,34,34,'1978-07-08 23:31:16','1978-08-08','1978-08-08 00:00:00'),(35,35,35,'2012-08-05 22:39:28','2012-09-05','1989-04-03 16:52:53'),(36,36,36,'2020-02-04 21:41:50','2020-03-04','1996-11-10 09:55:03'),(37,37,37,'1976-06-14 01:06:04','1976-07-14','1976-07-14 00:00:00'),(38,38,38,'2007-09-11 19:56:11','2007-10-11','1974-07-14 19:37:59'),(39,39,39,'1981-08-25 04:30:43','1981-09-25','1971-04-08 03:24:56'),(40,40,40,'2014-10-19 17:45:34','2014-11-19','2017-01-26 16:40:50'),(41,1,41,'1978-02-07 00:47:21','1978-03-07','1980-01-31 12:38:17'),(42,2,42,'1981-02-28 22:40:06','1981-03-28','1981-03-28 00:00:00'),(43,3,43,'1997-11-30 19:14:27','1997-12-30','1980-01-23 16:57:20'),(44,4,44,'1974-11-20 02:29:52','1974-12-20','1989-08-07 23:40:24'),(45,5,45,'1970-08-06 10:20:49','1970-09-06','2004-07-12 08:27:13'),(46,6,46,'1985-03-06 17:13:19','1985-04-06','2014-11-17 06:24:26'),(47,7,47,'1990-03-11 18:31:45','1990-04-11','1986-05-16 20:47:54'),(48,8,48,'1978-10-22 16:10:43','1978-11-22','2009-09-23 02:45:30'),(49,9,49,'2007-08-05 23:08:49','2007-09-05','2009-07-11 14:21:38'),(50,10,50,'2011-05-04 03:05:26','2011-06-04','2011-06-04 00:00:00'),(51,11,51,'2009-08-24 09:42:06','2009-09-24','1996-11-13 23:41:26'),(52,12,52,'1979-10-17 07:21:24','1979-11-17',NULL),(53,13,53,'1991-10-06 08:42:22','1991-11-06','2005-05-21 03:47:18'),(54,14,54,'2013-09-05 12:31:28','2013-10-05',NULL),(55,15,55,'2001-02-27 03:45:58','2001-03-27','2001-08-16 12:18:38'),(56,16,56,'1991-01-26 21:18:03','1991-02-26','2019-11-02 04:01:50'),(57,17,57,'2020-09-18 01:45:42','2020-10-18',NULL),(58,18,58,'1996-12-24 11:31:57','1997-01-24','1993-11-15 18:39:37'),(59,19,59,'2010-03-08 06:20:47','2010-04-08',NULL),(60,20,60,'2000-11-22 18:57:21','2000-12-22',NULL),(61,21,61,'2008-04-23 23:13:53','2008-05-23','2001-04-05 00:31:21'),(62,22,62,'1976-02-18 06:11:58','1976-03-18','1986-05-19 00:00:40'),(63,23,63,'2001-10-31 13:31:09','2001-11-30','1974-04-05 10:06:01'),(64,24,64,'2017-11-23 11:07:45','2017-12-23','1978-01-18 06:44:43'),(65,25,65,'2011-05-04 22:01:24','2011-06-04',NULL),(66,26,66,'2012-11-01 11:35:26','2012-12-01','1995-05-18 05:13:06'),(67,27,67,'1984-06-10 19:50:38','1984-07-10',NULL),(68,28,68,'2010-01-30 18:01:33','2010-02-28',NULL),(69,29,69,'1984-08-31 00:13:34','1984-09-30','2011-08-02 22:27:59'),(70,30,70,'1984-03-21 22:13:08','1984-04-21','1979-05-19 17:17:32'),(71,31,71,'1993-06-10 02:18:52','1993-07-10',NULL),(72,32,72,'2001-01-24 04:29:02','2001-02-24',NULL),(73,33,73,'2019-03-12 12:53:01','2019-04-12',NULL),(74,34,74,'2017-05-27 04:38:13','2017-06-27',NULL),(75,35,75,'1975-02-04 04:30:11','1975-03-04','2002-02-24 01:29:42'),(76,36,76,'2013-05-26 11:48:45','2013-06-26','2011-12-29 06:41:12'),(77,37,77,'2012-02-20 18:09:37','2012-03-20',NULL),(78,38,78,'1981-06-08 16:44:25','1981-07-08','1976-10-17 08:30:55'),(79,39,79,'1998-02-21 15:52:44','1998-03-21','1989-06-25 23:33:24'),(80,40,80,'1977-05-19 01:39:37','1977-06-19',NULL),(81,1,81,'2000-02-12 19:20:06','2000-03-12','1983-12-24 14:34:16'),(82,2,82,'1996-03-05 13:54:00','1996-04-05','2012-04-27 17:20:58'),(83,3,83,'2009-06-25 12:57:28','2009-07-25','2019-12-27 05:11:18'),(84,4,84,'2000-01-30 13:32:34','2000-02-29','2004-07-15 00:42:15'),(85,5,85,'1983-02-14 15:18:54','1983-03-14','1972-09-27 14:30:21'),(86,6,86,'1983-04-20 19:24:48','1983-05-20','2020-06-23 20:38:47'),(87,7,87,'1974-01-26 23:58:27','1974-02-26',NULL),(88,8,88,'1977-06-22 12:42:56','1977-07-22','1978-04-26 21:51:49'),(89,9,89,'2016-12-03 02:06:51','2017-01-03',NULL),(90,10,90,'2002-05-07 20:42:23','2002-06-07',NULL),(91,11,91,'1986-04-24 09:23:34','1986-05-24','1972-05-13 10:57:10'),(92,12,92,'2016-07-28 18:21:12','2016-08-28','1989-06-06 05:34:06'),(93,13,93,'1981-12-12 05:33:51','1982-01-12','2006-02-06 04:18:45'),(94,14,94,'2014-03-22 22:54:38','2014-04-22','2019-12-09 08:29:56'),(95,15,95,'1975-12-14 15:12:34','1976-01-14',NULL),(96,16,96,'1999-08-24 08:56:32','1999-09-24','1970-12-30 18:16:49'),(97,17,97,'1983-12-01 08:37:33','1984-01-01',NULL),(98,18,98,'1973-02-09 20:29:49','1973-03-09',NULL),(99,19,99,'1979-11-28 17:18:25','1979-12-28','2011-04-25 19:44:05'),(100,20,100,'1978-05-10 10:26:40','1978-06-10','2001-01-29 15:49:16'),(101,21,101,'2007-11-27 15:39:33','2007-12-27','1995-08-03 09:48:52'),(102,22,102,'1978-03-09 15:57:24','1978-04-09','2019-02-17 20:53:39'),(103,23,103,'2016-04-25 18:16:51','2016-05-25','1978-10-18 00:00:59'),(104,24,104,'2013-04-26 15:40:04','2013-05-26',NULL),(105,25,105,'1971-05-03 12:44:14','1971-06-03',NULL),(106,26,106,'1992-07-02 15:53:34','1992-08-02','2010-12-30 00:35:36'),(107,27,107,'1979-12-02 21:33:11','1980-01-02','1984-02-22 00:06:24'),(108,28,108,'2014-09-13 08:51:10','2014-10-13','2006-10-30 16:25:49'),(109,29,109,'1974-12-05 18:52:08','1975-01-05',NULL),(110,30,110,'1976-09-15 19:18:14','1976-10-15',NULL),(111,31,111,'2001-06-23 22:31:49','2001-07-23','1982-10-14 07:20:29'),(112,32,112,'2004-05-15 16:46:33','2004-06-15',NULL),(113,33,113,'1971-01-07 09:07:28','1971-02-07','2021-01-12 03:37:01'),(114,34,114,'1973-12-28 17:02:32','1974-01-28','2000-04-27 07:58:26'),(115,35,115,'1997-12-05 12:13:09','1998-01-05',NULL),(116,36,116,'1978-08-30 03:06:06','1978-09-30','2013-05-10 03:01:42'),(117,37,117,'1999-10-31 03:01:03','1999-11-30','1981-09-13 08:36:38'),(118,38,118,'1994-08-04 07:54:04','1994-09-04',NULL),(119,39,119,'1991-06-28 13:13:27','1991-07-28','2012-06-25 16:25:38'),(120,40,120,'2018-12-07 18:49:06','2019-01-07',NULL),(121,1,121,'2014-01-02 13:54:46','2014-02-02','1978-10-15 14:23:18'),(122,2,122,'1982-12-08 03:01:26','1983-01-08','1994-05-19 14:39:11'),(123,3,123,'1982-04-23 00:45:45','1982-05-23',NULL),(124,4,124,'1998-03-08 16:09:15','1998-04-08','1986-03-26 10:48:08'),(125,5,125,'1972-06-05 15:47:56','1972-07-05',NULL),(126,6,126,'1994-06-15 11:41:46','1994-07-15','2011-02-01 03:29:24'),(127,7,127,'1991-09-06 22:35:26','1991-10-06','2005-09-25 14:26:42'),(128,8,128,'2009-01-31 03:07:04','2009-02-28','2012-02-22 17:44:53'),(129,9,129,'1989-12-14 05:00:35','1990-01-14',NULL),(130,10,130,'1974-07-21 05:50:22','1974-08-21','1993-04-24 05:52:23'),(131,11,131,'2003-03-10 05:40:33','2003-04-10','2000-05-31 07:17:36'),(132,12,132,'1998-06-28 05:06:44','1998-07-28','2009-03-20 00:29:58'),(133,13,133,'2018-02-06 15:35:40','2018-03-06',NULL),(134,14,134,'1974-09-29 16:50:41','1974-10-29','2020-04-03 09:37:34'),(135,15,135,'2017-04-25 04:37:38','2017-05-25','2008-10-13 00:46:36'),(136,16,136,'1983-03-13 19:52:54','1983-04-13',NULL),(137,17,137,'2016-04-07 18:35:50','2016-05-07','1988-09-14 23:28:43'),(138,18,138,'2001-10-24 10:15:19','2001-11-24','2020-12-06 09:33:31'),(139,19,139,'1999-06-29 22:13:30','1999-07-29',NULL),(140,20,140,'1986-11-30 11:13:54','1986-12-30','1981-03-14 22:26:40'),(141,21,141,'1999-05-28 06:10:01','1999-06-28','1989-09-14 10:31:34'),(142,22,142,'2015-08-26 22:44:58','2015-09-26','1987-05-24 19:38:07'),(143,23,143,'1998-12-27 14:28:37','1999-01-27','1985-07-05 15:03:24'),(144,24,144,'2015-08-17 14:15:12','2015-09-17','2007-07-16 17:40:45'),(145,25,145,'1986-01-19 03:43:59','1986-02-19','1974-01-05 09:55:21'),(146,26,146,'1984-10-14 00:12:28','1984-11-14','1988-10-15 22:13:51'),(147,27,147,'1986-11-22 08:33:42','1986-12-22','1970-10-04 17:20:35'),(148,28,148,'1996-04-02 20:46:15','1996-05-02','1977-03-28 00:40:19'),(149,29,149,'1973-10-03 07:28:01','1973-11-03','1979-04-08 16:32:32'),(150,30,150,'1984-11-11 08:06:23','1984-12-11','1985-10-07 19:35:20'),(151,31,151,'1988-03-16 17:37:14','1988-04-16','2004-10-17 22:29:18'),(152,32,152,'1998-08-13 15:52:09','1998-09-13','2014-06-20 04:09:04'),(153,33,153,'1998-05-26 18:51:15','1998-06-26','2007-10-23 01:07:27'),(154,34,154,'2008-08-25 01:55:18','2008-09-25','1988-08-17 12:43:27'),(155,35,155,'1998-06-17 14:36:00','1998-07-17','1997-12-10 09:11:59'),(156,36,156,'2009-08-10 20:26:40','2009-09-10','2017-05-15 11:25:52'),(157,37,157,'2012-03-02 00:47:00','2012-04-02','1996-03-11 22:11:36'),(158,38,158,'1979-02-08 10:06:05','1979-03-08','1978-01-12 09:01:33'),(159,39,159,'1985-09-13 14:38:42','1985-10-13',NULL),(160,40,160,'2014-06-11 02:14:09','2014-07-11',NULL),(161,1,161,'1970-04-24 21:32:39','1970-05-24','2012-04-18 14:31:02'),(162,2,162,'1979-02-09 07:12:23','1979-03-09','2012-08-06 09:46:53'),(163,3,163,'1985-10-08 14:25:12','1985-11-08',NULL),(164,4,164,'1979-02-17 11:28:26','1979-03-17','1994-01-19 00:37:39'),(165,5,165,'1981-06-24 07:06:55','1981-07-24',NULL),(166,6,166,'2017-08-16 06:33:36','2017-09-16','1985-05-07 15:21:02'),(167,7,167,'1989-10-20 05:10:09','1989-11-20','1983-09-13 16:51:58'),(168,8,168,'1981-03-28 17:48:10','1981-04-28',NULL),(169,9,169,'2009-09-28 20:07:38','2009-10-28','1999-06-17 04:36:59'),(170,10,170,'1999-11-15 00:43:59','1999-12-15','2002-09-02 14:01:05'),(171,11,171,'1978-11-14 02:49:36','1978-12-14','2014-09-04 03:45:50'),(172,12,172,'1974-04-23 16:00:19','1974-05-23','1999-03-30 23:53:30'),(173,13,173,'2019-04-18 01:08:30','2019-05-18',NULL),(174,14,174,'1979-08-01 22:19:52','1979-09-01','1984-05-25 06:14:17'),(175,15,175,'2009-05-17 20:18:24','2009-06-17','1976-02-24 15:18:54'),(176,16,176,'2013-08-26 05:40:42','2013-09-26',NULL),(177,17,177,'2007-10-22 12:49:03','2007-11-22','2006-02-17 00:48:47'),(178,18,178,'2019-08-26 15:16:14','2019-09-26','2008-12-07 23:20:54'),(179,19,179,'2014-06-25 02:28:46','2014-07-25','1994-06-09 14:18:20'),(180,20,180,'1997-04-26 13:53:31','1997-05-26','2010-05-23 10:20:15'),(181,21,181,'1995-12-31 02:17:18','1996-01-31','1997-07-03 19:36:59'),(182,22,182,'2010-06-01 19:52:27','2010-07-01','1988-10-13 10:56:00'),(183,23,183,'1971-06-06 02:39:53','1971-07-06',NULL),(184,24,184,'2004-08-09 23:39:56','2004-09-09',NULL),(185,25,185,'1994-10-12 14:40:25','1994-11-12','1974-09-05 01:53:12'),(186,26,186,'1995-02-24 10:10:41','1995-03-24','1988-12-16 19:41:58'),(187,27,187,'1983-06-20 10:26:21','1983-07-20',NULL),(188,28,188,'1977-06-03 22:42:36','1977-07-03','2020-01-27 11:42:02'),(189,29,189,'2017-02-14 07:00:50','2017-03-14',NULL),(190,30,190,'2007-09-15 13:36:22','2007-10-15','1981-06-10 05:45:24'),(191,31,191,'1975-12-06 16:17:25','1976-01-06','2015-06-28 12:20:40'),(192,32,192,'2008-09-30 16:43:02','2008-10-30',NULL),(193,33,193,'2004-12-15 19:18:40','2005-01-15','1980-09-06 03:16:21'),(194,34,194,'1994-08-17 23:09:01','1994-09-17',NULL),(195,35,195,'1979-03-28 20:29:45','1979-04-28','2017-06-30 22:12:57'),(196,36,196,'2014-06-07 08:54:13','2014-07-07','1980-01-17 15:19:26'),(197,37,197,'1971-02-27 00:33:09','1971-03-27','1994-07-06 10:42:59'),(198,38,198,'2005-02-28 12:13:06','2005-03-28',NULL),(199,39,199,'1973-02-28 18:00:15','1973-03-28','2015-03-13 14:14:33'),(200,40,200,'1978-01-16 18:48:48','1978-02-16','2020-08-22 09:44:59'),(201,1,201,'1994-05-18 14:15:46','1994-06-18','2012-01-03 06:24:28'),(202,2,202,'1982-12-24 08:06:13','1983-01-24','1977-07-04 00:38:17'),(203,3,203,'1974-08-11 16:32:28','1974-09-11','2015-08-22 08:26:10'),(204,4,204,'1986-07-13 21:36:28','1986-08-13','2009-03-16 11:22:47'),(205,5,205,'2011-05-30 05:26:09','2011-06-30',NULL),(206,6,206,'1989-01-30 07:41:22','1989-02-28','1974-03-30 16:44:28'),(207,7,207,'1996-05-04 18:28:46','1996-06-04',NULL),(208,8,208,'2001-01-15 22:39:36','2001-02-15','2016-04-12 17:02:42'),(209,9,209,'2005-05-14 00:55:13','2005-06-14','2003-10-12 08:49:25'),(210,10,210,'2016-08-09 23:22:29','2016-09-09',NULL),(211,11,211,'1992-06-16 09:48:32','1992-07-16','1971-05-30 14:42:59'),(212,12,212,'2003-07-10 00:16:05','2003-08-10','1994-12-30 04:36:11'),(213,13,213,'1975-07-02 19:45:46','1975-08-02','2015-12-14 03:16:33'),(214,14,214,'1983-09-13 02:49:55','1983-10-13','1971-08-04 19:23:47'),(215,15,215,'1993-04-08 23:24:21','1993-05-08','1972-06-15 19:07:08'),(216,16,216,'2018-03-10 23:28:36','2018-04-10',NULL),(217,17,217,'1995-06-10 20:54:45','1995-07-10','1987-10-11 10:57:45'),(218,18,218,'1993-06-30 15:33:01','1993-07-30','2017-09-10 01:11:50'),(219,19,219,'1987-05-17 05:28:21','1987-06-17','1985-09-29 20:35:57'),(220,20,220,'1986-05-05 21:49:09','1986-06-05','2015-01-14 22:35:23'),(221,21,221,'2008-08-06 18:27:07','2008-09-06',NULL),(222,22,222,'2017-10-03 20:43:07','2017-11-03','1980-05-21 10:55:34'),(223,23,223,'2003-07-24 19:32:50','2003-08-24','1982-10-26 01:14:55'),(224,24,224,'1987-10-01 03:43:43','1987-11-01','1988-09-28 03:48:30'),(225,25,225,'2011-07-21 21:38:45','2011-08-21','1974-06-08 16:39:54'),(226,26,226,'1988-10-06 19:35:25','1988-11-06',NULL),(227,27,227,'2004-03-08 09:36:06','2004-04-08','2003-08-11 14:33:07'),(228,28,228,'2012-08-12 19:35:23','2012-09-12','2019-09-23 01:54:04'),(229,29,229,'2008-12-19 05:02:07','2009-01-19','1994-03-04 07:57:06'),(230,30,230,'1972-05-07 23:43:38','1972-06-07','2006-11-27 00:49:26'),(231,31,231,'1972-03-08 22:25:12','1972-04-08','2020-10-01 08:52:05'),(232,32,232,'1999-06-04 16:03:46','1999-07-04','1978-09-21 07:40:49'),(233,33,233,'2007-10-01 02:55:52','2007-11-01','1977-02-07 11:30:00'),(234,34,234,'1973-12-26 18:16:31','1974-01-26',NULL),(235,35,235,'2015-03-20 21:36:15','2015-04-20','2009-08-31 03:47:13'),(236,36,236,'1999-10-13 19:52:29','1999-11-13','1983-03-11 21:05:28'),(237,37,237,'1999-04-30 15:21:24','1999-05-30',NULL),(238,38,238,'2000-09-23 00:20:31','2000-10-23',NULL),(239,39,239,'2003-07-12 12:34:11','2003-08-12',NULL),(240,40,240,'1977-01-14 02:49:07','1977-02-14','1980-06-20 23:15:30'),(241,1,241,'2020-08-04 08:24:26','2020-09-04',NULL),(242,2,242,'1979-11-17 23:27:05','1979-12-17','2019-12-10 09:19:53'),(243,3,243,'2001-04-04 13:33:25','2001-05-04',NULL),(244,4,244,'1994-01-08 16:50:13','1994-02-08','2013-05-17 17:42:07'),(245,5,245,'1982-05-13 02:34:49','1982-06-13','2000-08-02 06:30:19'),(246,6,246,'1983-10-10 22:33:52','1983-11-10',NULL),(247,7,247,'2017-05-15 09:43:19','2017-06-15',NULL),(248,8,248,'2009-05-28 02:10:02','2009-06-28','2019-07-18 06:49:27'),(249,9,249,'1977-11-14 12:14:45','1977-12-14',NULL),(250,10,250,'2019-03-21 04:47:17','2019-04-21','2009-08-27 14:15:20'),(251,11,251,'1997-01-14 04:54:33','1997-02-14',NULL),(252,12,252,'1972-01-27 21:27:14','1972-02-27','1991-04-09 21:53:58'),(253,13,253,'1978-01-19 00:22:20','1978-02-19','1981-07-05 08:17:10'),(254,14,254,'1981-12-22 07:48:07','1982-01-22','1977-02-11 18:45:03'),(255,15,255,'2004-02-24 16:06:38','2004-03-24',NULL),(256,16,256,'2014-01-10 09:36:24','2014-02-10',NULL),(257,17,257,'2016-02-16 11:14:35','2016-03-16','1996-03-05 08:10:50'),(258,18,258,'2016-06-23 10:35:05','2016-07-23','1976-06-12 21:53:08'),(259,19,259,'1997-08-24 12:02:25','1997-09-24','2016-12-13 10:53:54'),(260,20,260,'2000-07-24 11:07:30','2000-08-24',NULL),(261,21,261,'1983-12-17 21:54:47','1984-01-17',NULL),(262,22,262,'2012-09-23 08:32:40','2012-10-23',NULL),(263,23,263,'2012-03-28 23:20:19','2012-04-28','1985-04-29 04:05:13'),(264,24,264,'1989-12-25 11:21:23','1990-01-25','1987-03-16 17:17:33'),(265,25,265,'1989-12-15 20:19:58','1990-01-15','2004-11-21 07:00:37'),(266,26,266,'1984-07-29 23:17:50','1984-08-29','2015-10-09 13:59:36'),(267,27,267,'2001-08-27 08:43:47','2001-09-27',NULL),(268,28,268,'2006-05-18 18:46:41','2006-06-18','2002-04-06 14:27:32'),(269,29,269,'1994-07-09 08:37:51','1994-08-09',NULL),(270,30,270,'2005-02-19 22:03:18','2005-03-19',NULL),(271,31,271,'2007-01-23 10:04:26','2007-02-23','2019-01-25 14:51:06'),(272,32,272,'1989-04-26 11:18:24','1989-05-26','1972-01-03 09:22:34'),(273,33,273,'2017-04-14 12:38:06','2017-05-14',NULL),(274,34,274,'1996-05-12 06:21:42','1996-06-12',NULL),(275,35,275,'1978-10-06 20:48:45','1978-11-06',NULL),(276,36,276,'2003-04-21 07:26:21','2003-05-21','2006-01-26 04:18:43'),(277,37,277,'1971-07-16 12:14:36','1971-08-16','1970-04-14 06:33:34'),(278,38,278,'2014-03-10 09:52:30','2014-04-10','1990-03-26 20:05:13'),(279,39,279,'2015-12-20 17:40:57','2016-01-20',NULL),(280,40,280,'1990-05-21 19:57:02','1990-06-21','1997-09-22 18:07:58'),(281,1,281,'1971-03-22 08:51:08','1971-04-22','1996-08-08 16:37:30'),(282,2,282,'2009-07-06 05:45:03','2009-08-06',NULL),(283,3,283,'1972-04-20 01:10:15','1972-05-20','2006-03-21 03:02:16'),(284,4,284,'1976-12-20 15:44:42','1977-01-20','1975-12-16 02:26:30'),(285,5,285,'2000-07-03 11:40:19','2000-08-03','1973-06-23 21:20:35'),(286,6,286,'1999-02-24 12:19:28','1999-03-24',NULL),(287,7,287,'2017-09-28 15:46:53','2017-10-28',NULL),(288,8,288,'2009-05-24 03:29:29','2009-06-24','1998-03-25 15:13:47'),(289,9,289,'2005-11-08 04:28:09','2005-12-08','2005-06-13 18:32:15'),(290,10,290,'1982-04-15 16:04:03','1982-05-15','1982-03-29 16:32:13'),(291,11,291,'2016-10-04 18:56:41','2016-11-04',NULL),(292,12,292,'1970-05-18 22:58:25','1970-06-18','2009-09-12 16:16:50'),(293,13,293,'1988-01-13 14:54:55','1988-02-13','1990-03-13 10:35:23'),(294,14,294,'1978-10-10 17:33:31','1978-11-10','1984-09-18 19:14:42'),(295,15,295,'1976-02-08 06:55:49','1976-03-08',NULL),(296,16,296,'1987-11-30 13:51:43','1987-12-30','1976-10-05 23:55:24'),(297,17,297,'1975-04-22 08:53:56','1975-05-22','1970-09-07 05:00:28'),(298,18,298,'1981-12-26 22:40:22','1982-01-26',NULL),(299,19,299,'1997-10-31 23:17:25','1997-11-30','2007-01-02 10:43:12'),(300,20,300,'1991-06-09 21:57:54','1991-07-09','2007-10-06 04:49:02'),(301,21,1,'1998-07-07 17:52:12','1998-08-07','1975-06-14 23:06:04'),(302,22,2,'2013-08-27 23:24:55','2013-09-27','2015-08-16 23:27:55'),(303,23,3,'2011-11-03 08:25:40','2011-12-03','2015-10-18 23:48:25'),(304,24,4,'1974-08-15 21:41:44','1974-09-15','2002-06-07 11:01:15'),(305,25,5,'1985-07-18 02:19:34','1985-08-18','2010-05-01 18:22:57'),(306,26,6,'2006-12-05 15:30:37','2007-01-05','1993-11-08 06:47:51'),(307,27,7,'2014-05-06 12:33:13','2014-06-06','1980-07-09 18:37:35'),(308,28,8,'1983-02-14 11:20:18','1983-03-14','1992-05-13 03:04:31'),(309,29,9,'1970-03-17 05:05:15','1970-04-17','1975-03-31 00:04:15'),(310,30,10,'1972-04-20 13:47:01','1972-05-20','1992-04-27 16:12:37'),(311,31,11,'1985-10-20 23:16:38','1985-11-20','1985-11-20 00:00:00'),(312,32,12,'1979-12-19 00:44:09','1980-01-19','1988-11-16 10:41:31'),(313,33,13,'2013-07-12 06:22:42','2013-08-12','2016-11-22 19:20:52'),(314,34,14,'2019-11-07 14:56:40','2019-12-07','1978-01-22 15:36:00'),(315,35,15,'1996-07-19 19:05:55','1996-08-19','2004-07-19 11:30:04'),(316,36,16,'2013-03-09 08:16:49','2013-04-09','2013-11-13 07:17:16'),(317,37,17,'1978-05-17 01:45:02','1978-06-17','1999-02-03 15:51:11'),(318,38,18,'1998-06-13 11:06:00','1998-07-13','1985-08-14 10:35:47'),(319,39,19,'1972-04-29 02:12:16','1972-05-29','1985-09-13 05:10:54'),(320,40,20,'1992-12-02 01:40:46','1993-01-02','1999-03-20 05:05:38'),(321,1,21,'2006-08-26 21:54:51','2006-09-26','2006-09-26 00:00:00'),(322,2,22,'1991-09-22 01:31:56','1991-10-22','1980-10-29 05:17:40'),(323,3,23,'1986-10-27 09:02:24','1986-11-27','2003-08-17 20:27:11'),(324,4,24,'2017-12-22 04:33:40','2018-01-22','2018-01-22 00:00:00'),(325,5,25,'2020-12-27 21:10:19','2021-01-27',NULL),(326,6,26,'1990-02-25 23:41:16','1990-03-25','2002-02-13 04:18:17'),(327,7,27,'2006-06-27 21:56:38','2006-07-27',NULL),(328,8,28,'2019-07-20 14:06:29','2019-08-20','2004-11-15 05:41:56'),(329,9,29,'1997-03-12 07:50:57','1997-04-12','2007-09-20 05:01:43'),(330,10,30,'1996-02-25 10:14:17','1996-03-25',NULL),(331,11,31,'1999-06-11 03:29:45','1999-07-11','2019-07-23 07:08:37'),(332,12,32,'1982-05-30 15:02:01','1982-06-30','1987-04-17 23:41:40'),(333,13,33,'2014-02-20 10:41:33','2014-03-20','1970-06-30 06:13:46'),(334,14,34,'1979-03-17 21:01:05','1979-04-17',NULL),(335,15,35,'1997-02-13 17:37:56','1997-03-13','1984-05-07 02:06:25'),(336,16,36,'1975-01-21 14:01:35','1975-02-21','1995-12-17 15:35:13'),(337,17,37,'2000-02-20 22:28:08','2000-03-20',NULL),(338,18,38,'1971-12-13 18:27:08','1972-01-13','2015-05-10 15:08:27'),(339,19,39,'1971-09-23 19:27:14','1971-10-23','1975-11-03 23:35:50'),(340,20,40,'1974-05-11 04:49:55','1974-06-11','1984-08-04 15:17:40'),(341,21,41,'1996-12-24 16:40:13','1997-01-24','1989-09-23 21:10:30'),(342,22,42,'2015-03-20 10:45:48','2015-04-20',NULL),(343,23,43,'1979-12-02 23:50:18','1980-01-02','1986-05-20 15:11:13'),(344,24,44,'2004-04-09 16:09:05','2004-05-09','1981-05-02 04:41:47'),(345,25,45,'1970-09-11 17:04:10','1970-10-11','2018-07-09 02:41:14'),(346,26,46,'1996-02-29 12:13:02','1996-03-29','1972-09-08 18:20:03'),(347,27,47,'1992-08-19 09:00:30','1992-09-19','2010-03-08 14:30:57'),(348,28,48,'1972-02-10 11:17:10','1972-03-10','2002-03-20 20:38:10'),(349,29,49,'2003-07-19 00:53:57','2003-08-19','1981-01-03 07:52:58'),(350,30,50,'2003-07-31 19:30:07','2003-08-31',NULL);
/*!40000 ALTER TABLE `issuance_tbl` ENABLE KEYS */;
UNLOCK TABLES;

--
-- Temporary view structure for view `issuance_view`
--

DROP TABLE IF EXISTS `issuance_view`;
/*!50001 DROP VIEW IF EXISTS `issuance_view`*/;
SET @saved_cs_client     = @@character_set_client;
/*!50503 SET character_set_client = utf8mb4 */;
/*!50001 CREATE VIEW `issuance_view` AS SELECT 
 1 AS `name`,
 1 AS `phone`,
 1 AS `title`,
 1 AS `to_date`,
 1 AS `status_book`,
 1 AS `id`*/;
SET character_set_client = @saved_cs_client;

--
-- Table structure for table `lib_warehouse`
--

DROP TABLE IF EXISTS `lib_warehouse`;
/*!40101 SET @saved_cs_client     = @@character_set_client */;
/*!50503 SET character_set_client = utf8mb4 */;
CREATE TABLE `lib_warehouse` (
  `id` bigint unsigned NOT NULL AUTO_INCREMENT,
  `id_book` bigint unsigned DEFAULT NULL,
  `status_book` enum('issued','stock','lost') CHARACTER SET utf8mb4 COLLATE utf8mb4_unicode_ci DEFAULT 'stock' COMMENT 'Статус книги - Выдана, На складе, Утеряна',
  `purchased` datetime DEFAULT CURRENT_TIMESTAMP,
  PRIMARY KEY (`id`),
  KEY `id_book` (`id_book`),
  CONSTRAINT `lib_warehouse_ibfk_1` FOREIGN KEY (`id_book`) REFERENCES `book` (`id`)
) ENGINE=InnoDB AUTO_INCREMENT=301 DEFAULT CHARSET=utf8mb4 COLLATE=utf8mb4_unicode_ci COMMENT='Склад библиотеки';
/*!40101 SET character_set_client = @saved_cs_client */;

--
-- Dumping data for table `lib_warehouse`
--

LOCK TABLES `lib_warehouse` WRITE;
/*!40000 ALTER TABLE `lib_warehouse` DISABLE KEYS */;
INSERT INTO `lib_warehouse` VALUES (1,1,'lost','1981-04-28 15:37:01'),(2,2,'lost','1997-04-07 16:41:00'),(3,3,'lost','2006-01-29 22:01:11'),(4,4,'stock','1971-03-02 01:09:50'),(5,5,'lost','1981-01-23 01:23:52'),(6,6,'lost','1971-01-09 06:38:36'),(7,7,'stock','1981-03-12 17:02:20'),(8,8,'stock','2013-01-11 11:01:34'),(9,9,'lost','1980-03-10 14:15:19'),(10,10,'lost','1995-05-18 15:15:24'),(11,11,'issued','1990-08-25 12:16:14'),(12,12,'stock','2011-11-17 11:57:05'),(13,13,'lost','1979-04-17 17:21:53'),(14,14,'stock','2004-05-13 14:49:20'),(15,15,'stock','1972-03-31 10:48:40'),(16,16,'lost','1975-11-10 09:42:44'),(17,17,'lost','1981-04-18 21:38:15'),(18,18,'lost','2007-01-08 07:49:13'),(19,19,'stock','2006-01-01 04:37:52'),(20,20,'lost','2011-05-26 08:52:20'),(21,21,'issued','2019-05-21 16:20:59'),(22,22,'stock','2012-05-28 15:55:34'),(23,23,'lost','2004-08-12 10:16:24'),(24,24,'issued','1980-07-01 16:15:55'),(25,25,'issued','2010-06-22 21:46:39'),(26,26,'lost','1975-10-24 23:29:55'),(27,27,'issued','1983-06-15 19:19:59'),(28,28,'lost','1978-04-27 12:17:28'),(29,29,'stock','2010-11-22 19:55:08'),(30,30,'issued','1976-04-25 08:34:00'),(31,31,'stock','2008-12-02 00:27:01'),(32,32,'stock','1981-11-15 11:53:29'),(33,33,'stock','2003-04-25 03:18:35'),(34,34,'issued','1992-07-04 08:45:38'),(35,35,'stock','2009-10-16 04:21:51'),(36,36,'lost','2006-04-07 16:03:21'),(37,37,'issued','1981-01-02 08:38:06'),(38,38,'lost','2006-09-08 10:02:40'),(39,39,'stock','1991-05-23 15:43:34'),(40,40,'stock','2020-06-22 10:51:07'),(41,41,'stock','2020-09-12 22:37:43'),(42,42,'issued','2005-11-05 05:19:19'),(43,43,'stock','1977-03-12 10:58:03'),(44,44,'stock','1985-02-12 13:26:57'),(45,45,'lost','1971-06-24 01:33:00'),(46,46,'lost','1998-08-31 16:42:06'),(47,47,'lost','2018-02-06 00:23:39'),(48,48,'stock','1978-02-11 08:15:49'),(49,49,'lost','2000-04-02 01:03:42'),(50,50,'issued','2017-06-26 20:41:39'),(51,51,'stock','2016-01-25 14:54:46'),(52,52,'issued','1981-02-28 07:05:40'),(53,53,'lost','1990-06-14 09:51:38'),(54,54,'issued','1999-12-11 11:30:08'),(55,55,'lost','1977-01-25 05:14:57'),(56,56,'stock','1981-11-26 23:58:55'),(57,57,'issued','1996-05-04 04:30:20'),(58,58,'lost','1972-11-27 05:26:04'),(59,59,'issued','2002-04-08 17:09:19'),(60,60,'issued','1996-01-11 13:16:24'),(61,61,'stock','1976-05-25 04:27:46'),(62,62,'stock','1998-06-16 20:59:13'),(63,63,'lost','2011-06-20 08:52:17'),(64,64,'lost','1992-05-07 15:06:23'),(65,65,'issued','2002-02-06 02:23:25'),(66,66,'stock','1978-01-04 06:30:38'),(67,67,'issued','2013-06-16 16:22:10'),(68,68,'issued','1998-07-11 08:08:11'),(69,69,'stock','2009-07-04 14:22:41'),(70,70,'lost','1970-07-12 03:35:30'),(71,71,'issued','2014-12-07 01:39:10'),(72,72,'issued','2016-12-09 02:59:02'),(73,73,'issued','1976-07-07 11:45:17'),(74,74,'issued','2017-09-29 19:19:17'),(75,75,'stock','2003-10-29 06:05:02'),(76,76,'stock','2001-09-02 17:58:26'),(77,77,'issued','1990-02-14 02:29:49'),(78,78,'lost','2000-04-22 21:44:33'),(79,79,'stock','2007-02-20 00:41:56'),(80,80,'issued','1986-10-06 02:29:14'),(81,81,'lost','2007-12-08 02:16:32'),(82,82,'lost','1996-03-20 10:42:15'),(83,83,'lost','2016-09-14 14:32:55'),(84,84,'stock','2002-03-21 16:31:47'),(85,85,'lost','1976-05-26 04:12:41'),(86,86,'stock','2006-11-22 15:02:08'),(87,87,'issued','2007-06-15 14:09:44'),(88,88,'stock','2011-05-05 04:45:24'),(89,89,'issued','1983-11-02 23:21:56'),(90,90,'issued','1992-05-03 22:55:39'),(91,91,'stock','2004-08-22 13:40:04'),(92,92,'stock','2010-12-31 11:18:33'),(93,93,'stock','1972-01-26 09:02:27'),(94,94,'stock','1988-11-13 19:28:56'),(95,95,'issued','1981-08-09 18:29:18'),(96,96,'stock','2008-04-11 08:28:14'),(97,97,'issued','1986-09-10 15:03:52'),(98,98,'issued','2008-11-01 11:10:54'),(99,99,'stock','2018-09-12 12:37:44'),(100,100,'stock','1989-03-18 20:39:18'),(101,1,'lost','1993-06-19 15:11:02'),(102,2,'stock','1996-10-10 23:28:50'),(103,3,'stock','2011-10-14 13:40:37'),(104,4,'issued','1972-12-16 09:11:26'),(105,5,'issued','2017-07-31 15:55:58'),(106,6,'stock','1974-04-11 18:28:50'),(107,7,'lost','2009-12-25 20:00:26'),(108,8,'stock','1992-08-14 12:09:25'),(109,9,'issued','2001-01-16 22:56:12'),(110,10,'issued','1994-06-20 14:11:21'),(111,11,'stock','1978-09-18 05:26:42'),(112,12,'issued','1997-11-05 11:13:39'),(113,13,'stock','2003-05-15 08:07:01'),(114,14,'stock','1971-11-21 06:30:30'),(115,15,'issued','2006-06-23 14:51:36'),(116,16,'stock','2003-07-09 12:15:05'),(117,17,'lost','1999-12-06 12:41:55'),(118,18,'issued','2002-04-13 11:12:11'),(119,19,'stock','1995-03-10 00:48:16'),(120,20,'issued','2004-06-14 12:35:30'),(121,21,'lost','1999-12-11 05:45:58'),(122,22,'lost','1996-06-27 11:49:38'),(123,23,'issued','2017-09-02 06:27:12'),(124,24,'stock','2009-06-25 08:14:37'),(125,25,'issued','2005-04-27 15:07:47'),(126,26,'lost','2011-05-16 18:45:56'),(127,27,'lost','1997-04-17 14:58:42'),(128,28,'stock','1997-01-05 13:31:56'),(129,29,'issued','2013-05-21 23:10:15'),(130,30,'lost','2020-06-10 15:21:16'),(131,31,'lost','1974-07-17 12:49:03'),(132,32,'stock','2002-10-30 08:33:50'),(133,33,'issued','2010-05-12 06:37:58'),(134,34,'lost','2019-09-22 21:49:24'),(135,35,'lost','1987-06-13 04:37:26'),(136,36,'issued','2006-09-02 05:51:14'),(137,37,'stock','1981-03-09 09:08:54'),(138,38,'lost','1985-01-14 21:18:14'),(139,39,'issued','2000-07-17 14:09:13'),(140,40,'stock','2006-01-01 21:21:46'),(141,41,'lost','1999-04-13 22:32:48'),(142,42,'stock','1983-01-18 19:33:47'),(143,43,'lost','1999-11-26 00:25:14'),(144,44,'lost','1976-02-05 11:17:35'),(145,45,'lost','1987-11-24 12:20:30'),(146,46,'stock','1986-04-20 23:36:43'),(147,47,'lost','2012-05-07 14:29:53'),(148,48,'stock','2014-08-20 07:42:56'),(149,49,'lost','1997-07-18 13:39:57'),(150,50,'stock','1985-08-20 13:14:05'),(151,51,'lost','1983-06-03 14:58:07'),(152,52,'stock','1995-05-12 06:08:12'),(153,53,'lost','2004-05-02 04:28:00'),(154,54,'stock','2001-11-14 05:23:32'),(155,55,'stock','1970-02-05 11:10:18'),(156,56,'stock','1976-03-26 13:14:05'),(157,57,'lost','1993-09-03 21:55:44'),(158,58,'stock','1990-04-15 07:15:11'),(159,59,'issued','1982-09-29 09:06:01'),(160,60,'issued','2009-10-06 18:41:51'),(161,61,'lost','1984-08-13 19:05:28'),(162,62,'lost','2013-08-12 01:29:11'),(163,63,'issued','1974-12-14 02:14:35'),(164,64,'lost','2005-04-16 03:05:16'),(165,65,'issued','1998-09-28 04:11:27'),(166,66,'stock','2005-10-01 03:36:09'),(167,67,'lost','1970-06-30 13:10:03'),(168,68,'issued','2011-08-03 14:30:26'),(169,69,'stock','1997-08-01 17:58:05'),(170,70,'lost','1977-08-07 03:38:12'),(171,71,'stock','1990-06-11 20:09:01'),(172,72,'lost','2006-10-23 18:38:24'),(173,73,'issued','2010-08-19 04:12:49'),(174,74,'lost','1980-11-03 12:36:09'),(175,75,'lost','1981-06-08 20:48:51'),(176,76,'issued','1989-06-10 04:08:48'),(177,77,'stock','1981-03-20 16:46:53'),(178,78,'lost','2019-01-31 08:44:54'),(179,79,'stock','1985-08-26 15:42:21'),(180,80,'lost','2001-10-11 21:50:25'),(181,81,'stock','1971-08-04 21:01:57'),(182,82,'stock','1999-02-10 15:23:03'),(183,83,'issued','2004-04-07 09:55:51'),(184,84,'issued','2015-08-19 20:59:41'),(185,85,'stock','2001-05-31 08:30:15'),(186,86,'stock','1986-10-25 21:36:20'),(187,87,'issued','1990-12-26 21:20:17'),(188,88,'stock','1978-04-28 16:58:03'),(189,89,'issued','2007-05-03 19:27:55'),(190,90,'stock','2004-01-14 16:55:49'),(191,91,'stock','1975-05-24 16:47:40'),(192,92,'issued','1975-09-24 20:23:24'),(193,93,'stock','2007-02-12 20:04:07'),(194,94,'issued','2014-03-09 04:36:28'),(195,95,'stock','2004-01-23 11:35:51'),(196,96,'stock','1993-06-29 16:02:52'),(197,97,'stock','2018-07-12 13:44:39'),(198,98,'issued','1982-02-19 16:06:47'),(199,99,'lost','2007-09-11 19:25:29'),(200,100,'lost','1989-04-09 23:04:56'),(201,1,'stock','1985-07-22 12:01:47'),(202,2,'stock','1975-08-03 03:08:20'),(203,3,'stock','2013-04-26 19:47:11'),(204,4,'stock','1986-09-24 18:31:37'),(205,5,'issued','1995-09-22 11:57:18'),(206,6,'lost','1973-08-15 07:21:40'),(207,7,'issued','1981-11-24 22:25:17'),(208,8,'stock','2011-09-29 05:55:16'),(209,9,'stock','2011-08-27 16:53:08'),(210,10,'issued','1985-10-20 21:34:06'),(211,11,'lost','2007-05-19 02:19:16'),(212,12,'lost','1996-10-31 02:52:38'),(213,13,'lost','1983-11-22 03:42:21'),(214,14,'stock','1994-06-06 18:18:08'),(215,15,'stock','1976-06-20 23:37:57'),(216,16,'issued','1977-03-21 18:16:47'),(217,17,'stock','2019-12-26 19:35:10'),(218,18,'lost','1987-10-24 21:06:16'),(219,19,'lost','1973-07-24 03:00:55'),(220,20,'stock','1979-07-07 07:52:01'),(221,21,'issued','1972-12-12 22:28:18'),(222,22,'stock','2008-11-15 21:30:34'),(223,23,'lost','2013-01-18 08:06:47'),(224,24,'lost','2004-03-26 18:19:19'),(225,25,'stock','2005-02-17 20:50:45'),(226,26,'issued','1998-09-26 09:13:20'),(227,27,'lost','1981-07-03 04:48:27'),(228,28,'lost','2012-02-06 10:52:20'),(229,29,'stock','2020-01-11 10:49:23'),(230,30,'stock','1972-05-25 07:53:08'),(231,31,'lost','2020-11-26 05:00:08'),(232,32,'lost','2007-04-10 03:26:30'),(233,33,'stock','1982-02-04 05:41:36'),(234,34,'issued','2011-08-25 08:52:31'),(235,35,'lost','1976-09-04 23:15:26'),(236,36,'stock','2015-12-16 15:05:36'),(237,37,'issued','2001-07-17 18:28:08'),(238,38,'issued','1986-02-28 11:45:07'),(239,39,'issued','1974-01-08 03:50:58'),(240,40,'lost','2017-06-27 19:55:52'),(241,41,'issued','1977-12-16 14:46:14'),(242,42,'stock','2017-01-16 23:13:42'),(243,43,'issued','2016-10-12 10:47:48'),(244,44,'lost','2006-08-12 06:46:22'),(245,45,'lost','1992-09-25 11:32:55'),(246,46,'issued','2002-06-02 23:55:55'),(247,47,'issued','1989-02-03 11:33:09'),(248,48,'lost','1997-04-19 09:48:02'),(249,49,'issued','1976-12-23 23:53:41'),(250,50,'stock','1997-07-16 03:22:49'),(251,51,'issued','2010-06-04 15:08:36'),(252,52,'stock','2000-10-19 21:24:56'),(253,53,'lost','1992-04-26 21:03:51'),(254,54,'lost','2020-07-17 19:14:52'),(255,55,'issued','2003-09-16 02:02:28'),(256,56,'issued','1974-02-03 15:01:28'),(257,57,'stock','1982-04-29 18:43:00'),(258,58,'stock','1973-11-12 06:00:56'),(259,59,'stock','2016-12-13 10:47:25'),(260,60,'issued','2011-11-11 17:42:05'),(261,61,'issued','1988-12-29 05:08:17'),(262,62,'issued','1981-02-21 05:31:07'),(263,63,'lost','2003-02-07 18:21:39'),(264,64,'stock','2018-06-29 09:57:40'),(265,65,'stock','2008-12-14 15:10:09'),(266,66,'stock','2004-06-29 13:57:58'),(267,67,'issued','1986-01-31 19:31:11'),(268,68,'lost','2017-12-12 11:34:19'),(269,69,'issued','1991-01-15 06:41:25'),(270,70,'issued','1980-11-18 13:40:23'),(271,71,'stock','2001-08-05 22:16:23'),(272,72,'lost','2012-05-04 19:31:43'),(273,73,'issued','2014-11-30 17:13:29'),(274,74,'issued','1978-01-22 12:36:53'),(275,75,'issued','2015-01-03 16:11:49'),(276,76,'lost','1982-06-29 13:50:28'),(277,77,'stock','1992-04-11 10:52:05'),(278,78,'lost','2011-07-10 06:35:29'),(279,79,'issued','1985-02-20 12:58:35'),(280,80,'lost','1978-05-08 01:01:45'),(281,81,'stock','1987-05-19 20:49:16'),(282,82,'issued','1985-02-11 06:58:54'),(283,83,'stock','2010-03-11 07:03:40'),(284,84,'lost','2010-04-03 04:17:28'),(285,85,'stock','2013-07-30 03:49:20'),(286,86,'issued','1975-08-03 15:33:29'),(287,87,'issued','1974-05-12 06:55:01'),(288,88,'lost','2009-12-31 09:35:12'),(289,89,'lost','2006-01-04 04:22:49'),(290,90,'lost','1977-12-31 10:50:36'),(291,91,'issued','1985-11-12 20:52:38'),(292,92,'lost','2001-01-30 14:00:09'),(293,93,'lost','1977-11-09 00:43:51'),(294,94,'stock','2008-08-28 05:29:03'),(295,95,'issued','1993-08-05 01:43:53'),(296,96,'stock','2014-10-12 10:18:04'),(297,97,'lost','1972-09-15 00:45:22'),(298,98,'issued','2018-06-28 00:32:41'),(299,99,'stock','2005-04-27 04:20:53'),(300,100,'lost','1972-09-25 00:49:11');
/*!40000 ALTER TABLE `lib_warehouse` ENABLE KEYS */;
UNLOCK TABLES;

--
-- Temporary view structure for view `lost_view`
--

DROP TABLE IF EXISTS `lost_view`;
/*!50001 DROP VIEW IF EXISTS `lost_view`*/;
SET @saved_cs_client     = @@character_set_client;
/*!50503 SET character_set_client = utf8mb4 */;
/*!50001 CREATE VIEW `lost_view` AS SELECT 
 1 AS `id_lib_book`,
 1 AS `title`*/;
SET character_set_client = @saved_cs_client;

--
-- Table structure for table `publisher`
--

DROP TABLE IF EXISTS `publisher`;
/*!40101 SET @saved_cs_client     = @@character_set_client */;
/*!50503 SET character_set_client = utf8mb4 */;
CREATE TABLE `publisher` (
  `id` bigint unsigned NOT NULL AUTO_INCREMENT,
  `name` varchar(255) CHARACTER SET utf8mb4 COLLATE utf8mb4_unicode_ci NOT NULL COMMENT 'Имя издательства',
  `address` text CHARACTER SET utf8mb4 COLLATE utf8mb4_unicode_ci COMMENT 'Адрес издателя',
  `country_id` tinyint unsigned NOT NULL COMMENT 'Страна автора',
  PRIMARY KEY (`id`),
  UNIQUE KEY `name` (`name`,`address`(50)),
  KEY `country_id` (`country_id`),
  CONSTRAINT `publisher_ibfk_1` FOREIGN KEY (`country_id`) REFERENCES `country` (`id`)
) ENGINE=InnoDB AUTO_INCREMENT=11 DEFAULT CHARSET=utf8mb4 COLLATE=utf8mb4_unicode_ci COMMENT='Издатели';
/*!40101 SET character_set_client = @saved_cs_client */;

--
-- Dumping data for table `publisher`
--

LOCK TABLES `publisher` WRITE;
/*!40000 ALTER TABLE `publisher` DISABLE KEYS */;
INSERT INTO `publisher` VALUES (1,'Ryan-Glover','338 Ethyl Rapids Suite 892\nGoodwinbury, CO 66341-5023',2),(2,'Wolf-Murazik','693 Marks Underpass\nEast Edwin, CT 75140',10),(3,'Adams LLC','3441 Schaefer Trail Suite 757\nEast Javierport, MS 87943-7597',5),(4,'West Ltd','75282 Streich Ramp Suite 216\nLake Golden, IN 39114',9),(5,'Schmitt-Hilpert','16938 Blanda Brooks Apt. 684\nNorth Elmoreview, AZ 16924',9),(6,'Russel and Sons','1063 Ernser Glens\nFriesenton, UT 13583-1050',1),(7,'Daniel LLC','9154 Annabel Vista Suite 296\nRobbberg, ME 24876',8),(8,'Ratke-Batz','7755 Lynch Isle Suite 368\nNorth Eloy, NH 51942',7),(9,'Renner-Ward','88727 Clair Flats\nDarrinland, SC 89977',7),(10,'Gottlieb-Kovacek','941 Koch Mews\nBednarland, MN 58504-7930',2);
/*!40000 ALTER TABLE `publisher` ENABLE KEYS */;
UNLOCK TABLES;

--
-- Table structure for table `reader`
--

DROP TABLE IF EXISTS `reader`;
/*!40101 SET @saved_cs_client     = @@character_set_client */;
/*!50503 SET character_set_client = utf8mb4 */;
CREATE TABLE `reader` (
  `id` bigint unsigned NOT NULL AUTO_INCREMENT,
  `firstname` varchar(50) CHARACTER SET utf8mb4 COLLATE utf8mb4_unicode_ci NOT NULL COMMENT 'Имя читателя',
  `lastname` varchar(50) CHARACTER SET utf8mb4 COLLATE utf8mb4_unicode_ci NOT NULL COMMENT 'Фамилия читателя',
  `address` text CHARACTER SET utf8mb4 COLLATE utf8mb4_unicode_ci NOT NULL COMMENT 'Адрес читателя',
  `phone` bigint unsigned DEFAULT NULL COMMENT 'Телефон читателя',
  `gender` enum('f','m') CHARACTER SET utf8mb4 COLLATE utf8mb4_unicode_ci DEFAULT NULL COMMENT 'Пол читателя',
  `created_at` datetime DEFAULT CURRENT_TIMESTAMP,
  PRIMARY KEY (`id`),
  UNIQUE KEY `phone` (`phone`)
) ENGINE=InnoDB AUTO_INCREMENT=41 DEFAULT CHARSET=utf8mb4 COLLATE=utf8mb4_unicode_ci COMMENT='Читатели';
/*!40101 SET character_set_client = @saved_cs_client */;

--
-- Dumping data for table `reader`
--

LOCK TABLES `reader` WRITE;
/*!40000 ALTER TABLE `reader` DISABLE KEYS */;
INSERT INTO `reader` VALUES (1,'Joaquin','McGlynn','601 Russell Grove Suite 328\nNew Sydnie, UT 78164-4575',89899328,'f','2002-04-30 23:50:51'),(2,'Missouri','Parisian','4590 Patsy Street\nKylermouth, NE 22719',89210906,'f','1991-05-10 20:19:40'),(3,'Hilma','Parker','47051 Javonte Pine Apt. 734\nEast Corene, WI 66169-3442',89166779,'m','1986-01-07 07:54:36'),(4,'Margarete','Braun','031 Janelle Station Apt. 856\nMonroeton, NH 26104-8631',89237595,'m','1998-09-25 16:21:56'),(5,'Novella','Doyle','95092 Margarett Center\nHarrisshire, MT 03639-9972',89064744,'f','2002-06-21 16:24:26'),(6,'Soledad','Bode','971 Sanford Ports\nRathhaven, OH 66092-9350',89417833,'m','2004-09-28 10:47:54'),(7,'Delmer','Hessel','4763 Providenci Stream\nJoellefurt, NE 30113',89371534,'m','2000-12-17 03:12:36'),(8,'Eloise','Hagenes','837 Daniel Knolls Apt. 389\nWest Adolphus, RI 24777',89940261,'m','1988-02-16 12:08:42'),(9,'Angela','Macejkovic','3418 Gage Harbors\nLake Jacklynton, MS 73349',89623754,'f','2012-05-08 21:52:32'),(10,'Phyllis','Spencer','708 Gus Lakes Suite 678\nWest Bonnie, AZ 74251-2344',89417818,'f','1972-04-10 15:16:48'),(11,'Rae','O\'Kon','7911 Malika Lane Suite 436\nLake Cristal, UT 51134',89477061,'f','1970-09-03 07:53:58'),(12,'Fredrick','Strosin','2412 Danielle Point Suite 798\nSchowalterburgh, TN 69815',89147372,'f','1999-04-25 13:19:58'),(13,'Eddie','Harris','3154 Chad Cove\nGertrudetown, ME 26119',89621418,'m','1999-07-19 15:30:54'),(14,'Gertrude','Erdman','57806 Liana Flat Apt. 208\nLake Ursulastad, AZ 18922-5660',89944758,'m','1990-07-11 05:13:38'),(15,'Lourdes','Braun','4293 Goodwin Alley Apt. 191\nHalvorsonton, IL 16697-6609',89072488,'f','2000-08-06 05:27:48'),(16,'Loren','Prohaska','729 Holly Tunnel\nPollichbury, AR 15438',89423365,'m','1984-09-08 16:45:30'),(17,'Micah','Hauck','540 Wilfrid Viaduct Apt. 214\nJoyton, AL 30843',89966866,'f','1997-05-04 13:30:21'),(18,'Duane','Wilderman','867 Cara Parkway\nNew Tracymouth, KY 65969',89912533,'m','2018-03-30 10:02:09'),(19,'Hettie','Kertzmann','767 Brianne Viaduct Apt. 117\nLake Luz, KY 10210-7802',89227601,'m','1980-01-02 15:34:41'),(20,'Athena','Rogahn','29052 Toy Avenue\nArmandfurt, AK 66555-8131',89126900,'m','2020-03-13 08:42:12'),(21,'Thora','Trantow','2620 Hane Drive\nLake Ethyl, KY 44817',89117400,'m','1996-05-30 08:03:11'),(22,'Vern','Ortiz','2103 Welch Points Suite 685\nEast Julienborough, RI 87073',89043942,'m','2010-01-15 10:42:40'),(23,'Herminia','Corwin','2322 Jacobi Ford Apt. 269\nWehnerview, NH 59639',89285461,'m','1979-06-08 22:02:37'),(24,'Willy','Morar','28001 Waelchi Lock Apt. 849\nPort Jadyn, GA 78060-2803',89700772,'f','1998-03-16 15:35:07'),(25,'Edyth','Mraz','42897 Jodie Rapids\nDickinsonchester, WV 64325-8095',89151039,'m','1999-12-04 07:16:43'),(26,'Gus','Lynch','560 Armani Skyway Suite 669\nLake Antwon, DE 23599-9212',89828364,'m','2002-09-07 04:57:18'),(27,'Ivory','Abbott','538 Efrain View\nHendersonview, AL 84367',89686068,'f','1991-03-19 13:03:26'),(28,'Shanel','Crist','700 Upton Place Apt. 106\nWest Ramona, WA 65043',89590991,'f','2008-09-12 00:01:14'),(29,'Lessie','Lehner','0566 Michel Fords\nDanielport, SD 52362-3197',89276156,'f','1991-12-18 17:06:06'),(30,'Elody','Torp','9546 Enola Port Suite 382\nStephanfort, MI 02720',89750028,'m','1996-06-07 15:46:52'),(31,'Jackeline','Kohler','03067 Tremaine Springs\nWhitefort, AL 91515-8575',89359743,'f','1990-01-16 01:34:07'),(32,'Jacey','Nitzsche','2094 Sallie Crest\nMeredithland, MD 05247-5603',89728842,'f','1993-01-28 18:54:23'),(33,'Orin','Reinger','53911 Amie Manors\nNew Eldonport, KY 24377',89648295,'m','1979-07-28 22:24:01'),(34,'Dino','Lubowitz','9665 Dach Ford\nWizatown, CT 62570',89515712,'f','1990-09-18 01:52:57'),(35,'Gardner','DuBuque','15852 Rodolfo Locks\nNew Ramona, WY 41837',89140025,'m','1987-06-20 22:27:27'),(36,'Brennan','Champlin','7871 Milton Ridge\nWest Darrelton, NY 49962-2052',89615791,'f','2001-08-01 07:53:55'),(37,'Theresia','Barton','4222 Murazik Groves\nLindville, MO 81020',89375212,'f','1980-05-06 15:50:54'),(38,'Loren','Bechtelar','95903 Trace Pines\nForestview, NM 05739',89954629,'f','1982-02-21 09:11:40'),(39,'Roman','Heathcote','40786 Sherman Points\nFisherview, CA 37856',89061492,'m','1993-10-20 04:44:06'),(40,'Concepcion','Hyatt','918 Luettgen Mall\nGottliebside, KS 56145-8488',89073060,'f','1970-02-02 10:28:43');
/*!40000 ALTER TABLE `reader` ENABLE KEYS */;
UNLOCK TABLES;

--
-- Temporary view structure for view `stock_view`
--

DROP TABLE IF EXISTS `stock_view`;
/*!50001 DROP VIEW IF EXISTS `stock_view`*/;
SET @saved_cs_client     = @@character_set_client;
/*!50503 SET character_set_client = utf8mb4 */;
/*!50001 CREATE VIEW `stock_view` AS SELECT 
 1 AS `id_lib_book`,
 1 AS `title`*/;
SET character_set_client = @saved_cs_client;

--
-- Table structure for table `writers`
--

DROP TABLE IF EXISTS `writers`;
/*!40101 SET @saved_cs_client     = @@character_set_client */;
/*!50503 SET character_set_client = utf8mb4 */;
CREATE TABLE `writers` (
  `id` bigint unsigned NOT NULL AUTO_INCREMENT,
  `firstname` varchar(50) CHARACTER SET utf8mb4 COLLATE utf8mb4_unicode_ci NOT NULL COMMENT 'Имя автора',
  `lastname` varchar(50) CHARACTER SET utf8mb4 COLLATE utf8mb4_unicode_ci NOT NULL COMMENT 'Фамилия автора',
  `gender` enum('f','m') CHARACTER SET utf8mb4 COLLATE utf8mb4_unicode_ci DEFAULT NULL COMMENT 'Пол автора',
  `country_id` tinyint unsigned NOT NULL COMMENT 'Страна автора',
  PRIMARY KEY (`id`),
  UNIQUE KEY `firstname` (`firstname`,`lastname`),
  KEY `country_id` (`country_id`),
  KEY `first_last_name_writer` (`firstname`,`lastname`),
  CONSTRAINT `writers_ibfk_1` FOREIGN KEY (`country_id`) REFERENCES `country` (`id`)
) ENGINE=InnoDB AUTO_INCREMENT=31 DEFAULT CHARSET=utf8mb4 COLLATE=utf8mb4_unicode_ci COMMENT='Авторы';
/*!40101 SET character_set_client = @saved_cs_client */;

--
-- Dumping data for table `writers`
--

LOCK TABLES `writers` WRITE;
/*!40000 ALTER TABLE `writers` DISABLE KEYS */;
INSERT INTO `writers` VALUES (1,'Hilario','Bauch','f',1),(2,'Jalen','Jacobs','m',2),(3,'Marshall','Schuppe','f',3),(4,'Emmanuelle','Wolf','f',4),(5,'Shaina','Roob','f',5),(6,'Mateo','Padberg','f',6),(7,'Eric','Pfeffer','m',7),(8,'Stanton','Abernathy','m',8),(9,'Jerome','Jenkins','m',9),(10,'Marta','Rippin','m',10),(11,'Lenny','Moore','f',1),(12,'Jameson','Keeling','m',2),(13,'Annabel','Gottlieb','f',3),(14,'Hulda','Simonis','f',4),(15,'Randy','Stehr','m',5),(16,'Houston','Kemmer','f',6),(17,'Kailee','Brakus','f',7),(18,'Shayna','Von','f',8),(19,'Michel','Frami','f',9),(20,'Maximillia','Boehm','f',10),(21,'William','Pfannerstill','f',1),(22,'Burnice','Cummerata','m',2),(23,'Uriah','Kutch','m',3),(24,'Chase','Greenfelder','f',4),(25,'Darion','Hyatt','f',5),(26,'Rhianna','Lubowitz','m',6),(27,'Stuart','Beatty','m',7),(28,'Jacinto','Larkin','f',8),(29,'Felicity','Thompson','f',9),(30,'Christop','Carter','f',10);
/*!40000 ALTER TABLE `writers` ENABLE KEYS */;
UNLOCK TABLES;

--
-- Table structure for table `writers_book`
--

DROP TABLE IF EXISTS `writers_book`;
/*!40101 SET @saved_cs_client     = @@character_set_client */;
/*!50503 SET character_set_client = utf8mb4 */;
CREATE TABLE `writers_book` (
  `writers_id` bigint unsigned NOT NULL COMMENT 'Ид автора',
  `book_id` bigint unsigned NOT NULL COMMENT 'Ид книги',
  PRIMARY KEY (`writers_id`,`book_id`),
  KEY `book_id` (`book_id`),
  CONSTRAINT `writers_book_ibfk_1` FOREIGN KEY (`writers_id`) REFERENCES `writers` (`id`),
  CONSTRAINT `writers_book_ibfk_2` FOREIGN KEY (`book_id`) REFERENCES `book` (`id`)
) ENGINE=InnoDB DEFAULT CHARSET=utf8mb4 COLLATE=utf8mb4_unicode_ci COMMENT='Авторы книги';
/*!40101 SET character_set_client = @saved_cs_client */;

--
-- Dumping data for table `writers_book`
--

LOCK TABLES `writers_book` WRITE;
/*!40000 ALTER TABLE `writers_book` DISABLE KEYS */;
INSERT INTO `writers_book` VALUES (1,1),(11,1),(2,2),(12,2),(3,3),(13,3),(4,4),(14,4),(5,5),(15,5),(6,6),(16,6),(7,7),(17,7),(8,8),(18,8),(9,9),(19,9),(10,10),(20,10),(11,11),(21,11),(12,12),(22,12),(13,13),(23,13),(14,14),(24,14),(15,15),(25,15),(16,16),(26,16),(17,17),(27,17),(18,18),(28,18),(19,19),(29,19),(20,20),(30,20),(1,21),(21,21),(2,22),(22,22),(3,23),(23,23),(4,24),(24,24),(5,25),(25,25),(6,26),(26,26),(7,27),(27,27),(8,28),(28,28),(9,29),(29,29),(10,30),(30,30),(1,31),(11,31),(2,32),(12,32),(3,33),(13,33),(4,34),(14,34),(5,35),(15,35),(6,36),(16,36),(7,37),(17,37),(8,38),(18,38),(9,39),(19,39),(10,40),(20,40),(11,41),(21,41),(12,42),(22,42),(13,43),(23,43),(14,44),(24,44),(15,45),(25,45),(16,46),(26,46),(17,47),(27,47),(18,48),(28,48),(19,49),(29,49),(20,50),(30,50),(21,51),(22,52),(23,53),(24,54),(25,55),(26,56),(27,57),(28,58),(29,59),(30,60),(1,61),(2,62),(3,63),(4,64),(5,65),(6,66),(7,67),(8,68),(9,69),(10,70),(11,71),(12,72),(13,73),(14,74),(15,75),(16,76),(17,77),(18,78),(19,79),(20,80),(21,81),(22,82),(23,83),(24,84),(25,85),(26,86),(27,87),(28,88),(29,89),(30,90),(1,91),(2,92),(3,93),(4,94),(5,95),(6,96),(7,97),(8,98),(9,99),(10,100);
/*!40000 ALTER TABLE `writers_book` ENABLE KEYS */;
UNLOCK TABLES;

--
-- Final view structure for view `issuance_view`
--

/*!50001 DROP VIEW IF EXISTS `issuance_view`*/;
/*!50001 SET @saved_cs_client          = @@character_set_client */;
/*!50001 SET @saved_cs_results         = @@character_set_results */;
/*!50001 SET @saved_col_connection     = @@collation_connection */;
/*!50001 SET character_set_client      = utf8mb4 */;
/*!50001 SET character_set_results     = utf8mb4 */;
/*!50001 SET collation_connection      = utf8mb4_0900_ai_ci */;
/*!50001 CREATE ALGORITHM=UNDEFINED */
/*!50013 DEFINER=`root`@`localhost` SQL SECURITY DEFINER */
/*!50001 VIEW `issuance_view` AS select concat(`r`.`firstname`,' ',`r`.`lastname`) AS `name`,`r`.`phone` AS `phone`,`b`.`title` AS `title`,`it`.`to_date` AS `to_date`,`lw`.`status_book` AS `status_book`,`lw`.`id` AS `id` from (((`lib_warehouse` `lw` join `book` `b` on(((`lw`.`status_book` = 'issued') and (`lw`.`id_book` = `b`.`id`)))) join `issuance_tbl` `it` on(((`lw`.`id` = `it`.`book_wh_id`) and (`it`.`return_date` is null)))) left join `reader` `r` on((`r`.`id` = `it`.`reader_id`))) */;
/*!50001 SET character_set_client      = @saved_cs_client */;
/*!50001 SET character_set_results     = @saved_cs_results */;
/*!50001 SET collation_connection      = @saved_col_connection */;

--
-- Final view structure for view `lost_view`
--

/*!50001 DROP VIEW IF EXISTS `lost_view`*/;
/*!50001 SET @saved_cs_client          = @@character_set_client */;
/*!50001 SET @saved_cs_results         = @@character_set_results */;
/*!50001 SET @saved_col_connection     = @@collation_connection */;
/*!50001 SET character_set_client      = utf8mb4 */;
/*!50001 SET character_set_results     = utf8mb4 */;
/*!50001 SET collation_connection      = utf8mb4_0900_ai_ci */;
/*!50001 CREATE ALGORITHM=UNDEFINED */
/*!50013 DEFINER=`root`@`localhost` SQL SECURITY DEFINER */
/*!50001 VIEW `lost_view` AS select `lw`.`id` AS `id_lib_book`,`b`.`title` AS `title` from (`lib_warehouse` `lw` join `book` `b` on(((`lw`.`status_book` = 'lost') and (`lw`.`id_book` = `b`.`id`)))) */;
/*!50001 SET character_set_client      = @saved_cs_client */;
/*!50001 SET character_set_results     = @saved_cs_results */;
/*!50001 SET collation_connection      = @saved_col_connection */;

--
-- Final view structure for view `stock_view`
--

/*!50001 DROP VIEW IF EXISTS `stock_view`*/;
/*!50001 SET @saved_cs_client          = @@character_set_client */;
/*!50001 SET @saved_cs_results         = @@character_set_results */;
/*!50001 SET @saved_col_connection     = @@collation_connection */;
/*!50001 SET character_set_client      = utf8mb4 */;
/*!50001 SET character_set_results     = utf8mb4 */;
/*!50001 SET collation_connection      = utf8mb4_0900_ai_ci */;
/*!50001 CREATE ALGORITHM=UNDEFINED */
/*!50013 DEFINER=`root`@`localhost` SQL SECURITY DEFINER */
/*!50001 VIEW `stock_view` AS select `lw`.`id` AS `id_lib_book`,`b`.`title` AS `title` from (`lib_warehouse` `lw` join `book` `b` on(((`lw`.`status_book` = 'stock') and (`lw`.`id_book` = `b`.`id`)))) */;
/*!50001 SET character_set_client      = @saved_cs_client */;
/*!50001 SET character_set_results     = @saved_cs_results */;
/*!50001 SET collation_connection      = @saved_col_connection */;
/*!40103 SET TIME_ZONE=@OLD_TIME_ZONE */;

/*!40101 SET SQL_MODE=@OLD_SQL_MODE */;
/*!40014 SET FOREIGN_KEY_CHECKS=@OLD_FOREIGN_KEY_CHECKS */;
/*!40014 SET UNIQUE_CHECKS=@OLD_UNIQUE_CHECKS */;
/*!40101 SET CHARACTER_SET_CLIENT=@OLD_CHARACTER_SET_CLIENT */;
/*!40101 SET CHARACTER_SET_RESULTS=@OLD_CHARACTER_SET_RESULTS */;
/*!40101 SET COLLATION_CONNECTION=@OLD_COLLATION_CONNECTION */;
/*!40111 SET SQL_NOTES=@OLD_SQL_NOTES */;

-- Dump completed on 2021-01-26 15:27:48
